AREA_NAME,Crime_Type,Total_Count
Agincourt North,ASSAULT,3243.3410797
Agincourt North,AUTOTHEFT,1973.25872412
Agincourt North,BIKETHEFT,94.389223332
Agincourt North,BREAKENTER,1827.05498117
Agincourt North,HOMICIDE,4.30163765
Agincourt North,ROBBERY,1033.3128758
Agincourt North,SHOOTING,34.099249123999996
Agincourt North,THEFTFROMMV,2394.78279979
Agincourt North,THEFTOVER,193.125739097
Agincourt South-Malvern West,ASSAULT,6479.7632445
Agincourt South-Malvern West,AUTOTHEFT,2547.2773285
Agincourt South-Malvern West,BIKETHEFT,278.658923362
Agincourt South-Malvern West,BREAKENTER,3551.3068848
Agincourt South-Malvern West,HOMICIDE,19.14445281
Agincourt South-Malvern West,ROBBERY,1246.65052788
Agincourt South-Malvern West,SHOOTING,139.018566614
Agincourt South-Malvern West,THEFTFROMMV,3617.2641665
Agincourt South-Malvern West,THEFTOVER,562.29543686
Alderwood,ASSAULT,3230.1663817999997
Alderwood,AUTOTHEFT,2382.58013159
Alderwood,BIKETHEFT,435.51839785
Alderwood,BREAKENTER,2328.9901581
Alderwood,HOMICIDE,34.61802864
Alderwood,ROBBERY,632.49066353
Alderwood,SHOOTING,26.250141144
Alderwood,THEFTFROMMV,3152.3721454
Alderwood,THEFTOVER,579.11087799
Annex,ASSAULT,11615.4433588
Annex,AUTOTHEFT,1453.43167119
Annex,BIKETHEFT,4904.9544750000005
Annex,BREAKENTER,6348.5895079
Annex,HOMICIDE,12.50342083
Annex,ROBBERY,1888.4195861
Annex,SHOOTING,58.994489912
Annex,THEFTFROMMV,6003.0568509
Annex,THEFTOVER,1410.29358683
Avondale,ASSAULT,3684.3328858
Avondale,AUTOTHEFT,1161.9251751230001
Avondale,BIKETHEFT,1245.31891657
Avondale,BREAKENTER,931.75687792
Avondale,HOMICIDE,99.43888997799999
Avondale,ROBBERY,492.91151809
Avondale,SHOOTING,31.310688972
Avondale,THEFTFROMMV,1782.7298928100001
Avondale,THEFTOVER,343.519964693
Banbury-Don Mills,ASSAULT,3910.7733459
Banbury-Don Mills,AUTOTHEFT,1846.30799678
Banbury-Don Mills,BIKETHEFT,375.40298216
Banbury-Don Mills,BREAKENTER,2887.50001528
Banbury-Don Mills,HOMICIDE,4.220923185
Banbury-Don Mills,ROBBERY,673.22177031
Banbury-Don Mills,SHOOTING,65.324900149
Banbury-Don Mills,THEFTFROMMV,2454.2649185
Banbury-Don Mills,THEFTOVER,465.93273353
Bathurst Manor,ASSAULT,4252.2229613
Bathurst Manor,AUTOTHEFT,2914.0831298
Bathurst Manor,BIKETHEFT,456.1253606
Bathurst Manor,BREAKENTER,2116.1537398
Bathurst Manor,HOMICIDE,6.7954216
Bathurst Manor,ROBBERY,814.68628692
Bathurst Manor,SHOOTING,20.747877121000002
Bathurst Manor,THEFTFROMMV,3115.4980103
Bathurst Manor,THEFTOVER,280.648462301
Bay-Cloverhill,ASSAULT,9058.2463379
Bay-Cloverhill,AUTOTHEFT,771.94529532
Bay-Cloverhill,BIKETHEFT,5497.4627293
Bay-Cloverhill,BREAKENTER,3894.5661314999998
Bay-Cloverhill,HOMICIDE,6.845560074
Bay-Cloverhill,ROBBERY,1465.52195744
Bay-Cloverhill,SHOOTING,19.705593586
Bay-Cloverhill,THEFTFROMMV,2009.8649810900001
Bay-Cloverhill,THEFTOVER,823.27579497
Bayview Village,ASSAULT,4534.454895
Bayview Village,AUTOTHEFT,1799.42719276
Bayview Village,BIKETHEFT,849.52849866
Bayview Village,BREAKENTER,2102.7581789
Bayview Village,HOMICIDE,10.427814482999999
Bayview Village,ROBBERY,472.57544708
Bayview Village,SHOOTING,71.250823974
Bayview Village,THEFTFROMMV,2882.9095883
Bayview Village,THEFTOVER,488.97159577
Bayview Woods-Steeles,ASSAULT,3362.5859069000003
Bayview Woods-Steeles,AUTOTHEFT,1534.24131393
Bayview Woods-Steeles,BIKETHEFT,152.975100985
Bayview Woods-Steeles,BREAKENTER,2199.45983114
Bayview Woods-Steeles,HOMICIDE,8.425558567
Bayview Woods-Steeles,ROBBERY,313.447854038
Bayview Woods-Steeles,SHOOTING,67.91384458499999
Bayview Woods-Steeles,THEFTFROMMV,1870.38998752
Bayview Woods-Steeles,THEFTOVER,186.886238086
Bedford Park-Nortown,ASSAULT,2354.8519974
Bedford Park-Nortown,AUTOTHEFT,4280.2387465
Bedford Park-Nortown,BIKETHEFT,589.79128631
Bedford Park-Nortown,BREAKENTER,4303.2832107
Bedford Park-Nortown,HOMICIDE,0
Bedford Park-Nortown,ROBBERY,689.74383926
Bedford Park-Nortown,SHOOTING,35.674465657
Bedford Park-Nortown,THEFTFROMMV,3789.4514616
Bedford Park-Nortown,THEFTOVER,531.1206131
Beechborough-Greenbrook,ASSAULT,9743.8758546
Beechborough-Greenbrook,AUTOTHEFT,2119.3347092
Beechborough-Greenbrook,BIKETHEFT,189.67401884999998
Beechborough-Greenbrook,BREAKENTER,2340.5976104
Beechborough-Greenbrook,HOMICIDE,46.08877659
Beechborough-Greenbrook,ROBBERY,1654.62619397
Beechborough-Greenbrook,SHOOTING,389.77594851
Beechborough-Greenbrook,THEFTFROMMV,2188.8398397
Beechborough-Greenbrook,THEFTOVER,408.30834962
Bendale South,ASSAULT,7416.7315063
Bendale South,AUTOTHEFT,1455.97043599
Bendale South,BIKETHEFT,245.548098549
Bendale South,BREAKENTER,1990.34840776
Bendale South,HOMICIDE,20.565199852
Bendale South,ROBBERY,1103.7850493400001
Bendale South,SHOOTING,122.168763161
Bendale South,THEFTFROMMV,2789.6946002
Bendale South,THEFTOVER,173.728035935
Bendale-Glen Andrew,ASSAULT,10111.0762944
Bendale-Glen Andrew,AUTOTHEFT,3360.5258486
Bendale-Glen Andrew,BIKETHEFT,425.80432806
Bendale-Glen Andrew,BREAKENTER,1929.33064254
Bendale-Glen Andrew,HOMICIDE,36.046549793
Bendale-Glen Andrew,ROBBERY,2898.53687301
Bendale-Glen Andrew,SHOOTING,203.824367513
Bendale-Glen Andrew,THEFTFROMMV,3565.9357447
Bendale-Glen Andrew,THEFTOVER,626.13907622
Birchcliffe-Cliffside,ASSAULT,9123.3312989
Birchcliffe-Cliffside,AUTOTHEFT,1470.14211261
Birchcliffe-Cliffside,BIKETHEFT,632.7944234
Birchcliffe-Cliffside,BREAKENTER,3211.2566681
Birchcliffe-Cliffside,HOMICIDE,21.618594647000002
Birchcliffe-Cliffside,ROBBERY,1072.55483624
Birchcliffe-Cliffside,SHOOTING,21.262104988
Birchcliffe-Cliffside,THEFTFROMMV,4375.1974764
Birchcliffe-Cliffside,THEFTOVER,301.01430797
Black Creek,ASSAULT,12127.6834104
Black Creek,AUTOTHEFT,3207.9730988
Black Creek,BIKETHEFT,314.146574452
Black Creek,BREAKENTER,1558.2666397
Black Creek,HOMICIDE,48.598338602
Black Creek,ROBBERY,1724.7778245499999
Black Creek,SHOOTING,644.8393631
Black Creek,THEFTFROMMV,2895.6830464
Black Creek,THEFTOVER,546.09581185
Blake-Jones,ASSAULT,8902.597351
Blake-Jones,AUTOTHEFT,934.42131426
Blake-Jones,BIKETHEFT,1816.8518263
Blake-Jones,BREAKENTER,3245.0802001
Blake-Jones,HOMICIDE,39.99462223
Blake-Jones,ROBBERY,1592.94904698
Blake-Jones,SHOOTING,280.47094535
Blake-Jones,THEFTFROMMV,2608.0217515
Blake-Jones,THEFTOVER,292.80327415
Briar Hill-Belgravia,ASSAULT,5752.919464
Briar Hill-Belgravia,AUTOTHEFT,2023.64120478
Briar Hill-Belgravia,BIKETHEFT,632.480233725
Briar Hill-Belgravia,BREAKENTER,2806.6793518
Briar Hill-Belgravia,HOMICIDE,23.047443389999998
Briar Hill-Belgravia,ROBBERY,1377.64342885
Briar Hill-Belgravia,SHOOTING,138.19095802
Briar Hill-Belgravia,THEFTFROMMV,3170.7719916
Briar Hill-Belgravia,THEFTOVER,422.46517751
Bridle Path-Sunnybrook-York Mills,ASSAULT,3825.9273528999997
Bridle Path-Sunnybrook-York Mills,AUTOTHEFT,2654.69746979
Bridle Path-Sunnybrook-York Mills,BIKETHEFT,588.925749326
Bridle Path-Sunnybrook-York Mills,BREAKENTER,5371.2180023
Bridle Path-Sunnybrook-York Mills,HOMICIDE,0
Bridle Path-Sunnybrook-York Mills,ROBBERY,427.8077641
Bridle Path-Sunnybrook-York Mills,SHOOTING,109.930490493
Bridle Path-Sunnybrook-York Mills,THEFTFROMMV,2262.2993519
Bridle Path-Sunnybrook-York Mills,THEFTOVER,546.518928526
Broadview North,ASSAULT,5512.1336059000005
Broadview North,AUTOTHEFT,722.55468559
Broadview North,BIKETHEFT,1231.804795192
Broadview North,BREAKENTER,1763.8732911099999
Broadview North,HOMICIDE,37.098049164
Broadview North,ROBBERY,549.33807563
Broadview North,SHOOTING,46.483874319
Broadview North,THEFTFROMMV,2151.0708744
Broadview North,THEFTOVER,185.222472198
Brookhaven-Amesbury,ASSAULT,7649.2763367
Brookhaven-Amesbury,AUTOTHEFT,2978.4315338
Brookhaven-Amesbury,BIKETHEFT,293.965593387
Brookhaven-Amesbury,BREAKENTER,2107.7457504
Brookhaven-Amesbury,HOMICIDE,44.71247959
Brookhaven-Amesbury,ROBBERY,1419.76375586
Brookhaven-Amesbury,SHOOTING,223.539215087
Brookhaven-Amesbury,THEFTFROMMV,2895.6638433000003
Brookhaven-Amesbury,THEFTOVER,484.433373449
Cabbagetown-South St.James Town,ASSAULT,11562.826476
Cabbagetown-South St.James Town,AUTOTHEFT,1255.95141222
Cabbagetown-South St.James Town,BIKETHEFT,5312.2879967
Cabbagetown-South St.James Town,BREAKENTER,6289.3186645
Cabbagetown-South St.James Town,HOMICIDE,38.156547542
Cabbagetown-South St.James Town,ROBBERY,2009.4977494
Cabbagetown-South St.James Town,SHOOTING,57.510175708999995
Cabbagetown-South St.James Town,THEFTFROMMV,7571.100102
Cabbagetown-South St.James Town,THEFTOVER,544.6330452
Caledonia-Fairbank,ASSAULT,6664.495392
Caledonia-Fairbank,AUTOTHEFT,1373.87642681
Caledonia-Fairbank,BIKETHEFT,349.377860263
Caledonia-Fairbank,BREAKENTER,1362.7862166300001
Caledonia-Fairbank,HOMICIDE,10.450902939
Caledonia-Fairbank,ROBBERY,957.82755469
Caledonia-Fairbank,SHOOTING,105.660801893
Caledonia-Fairbank,THEFTFROMMV,1874.66316837
Caledonia-Fairbank,THEFTOVER,233.378988265
Casa Loma,ASSAULT,4467.9776001
Casa Loma,AUTOTHEFT,1490.54671864
Casa Loma,BIKETHEFT,1520.52033616
Casa Loma,BREAKENTER,2858.9575194999998
Casa Loma,HOMICIDE,9.714596748
Casa Loma,ROBBERY,648.188796074
Casa Loma,SHOOTING,19.00571537
Casa Loma,THEFTFROMMV,2036.65531335
Casa Loma,THEFTOVER,457.97537994
Centennial Scarborough,ASSAULT,3535.0445555
Centennial Scarborough,AUTOTHEFT,1316.93215181
Centennial Scarborough,BIKETHEFT,203.730977531
Centennial Scarborough,BREAKENTER,1333.866436
Centennial Scarborough,HOMICIDE,16.268042088
Centennial Scarborough,ROBBERY,472.28845168000004
Centennial Scarborough,SHOOTING,40.679978375
Centennial Scarborough,THEFTFROMMV,2941.94885238
Centennial Scarborough,THEFTOVER,168.935692311
Church-Wellesley,ASSAULT,18707.061646000002
Church-Wellesley,AUTOTHEFT,1065.9929084799999
Church-Wellesley,BIKETHEFT,6119.1332105
Church-Wellesley,BREAKENTER,4887.3012391
Church-Wellesley,HOMICIDE,60.937536723
Church-Wellesley,ROBBERY,2805.7434996
Church-Wellesley,SHOOTING,51.978035928
Church-Wellesley,THEFTFROMMV,4085.8036815
Church-Wellesley,THEFTOVER,960.70280639
Clairlea-Birchmount,ASSAULT,11974.737488300001
Clairlea-Birchmount,AUTOTHEFT,2651.6919021
Clairlea-Birchmount,BIKETHEFT,558.02838046
Clairlea-Birchmount,BREAKENTER,3787.2686769
Clairlea-Birchmount,HOMICIDE,50.653875833
Clairlea-Birchmount,ROBBERY,1642.58944509
Clairlea-Birchmount,SHOOTING,147.183137884
Clairlea-Birchmount,THEFTFROMMV,5340.5980897
Clairlea-Birchmount,THEFTOVER,538.57362176
Clanton Park,ASSAULT,5671.6954955
Clanton Park,AUTOTHEFT,4658.7795411
Clanton Park,BIKETHEFT,548.6968464
Clanton Park,BREAKENTER,3144.0211639
Clanton Park,HOMICIDE,13.335366726
Clanton Park,ROBBERY,848.58826063
Clanton Park,SHOOTING,84.953035364
Clanton Park,THEFTFROMMV,4084.5660886
Clanton Park,THEFTOVER,448.62923623
Cliffcrest,ASSAULT,8310.616028299999
Cliffcrest,AUTOTHEFT,1738.22943116
Cliffcrest,BIKETHEFT,292.0763352
Cliffcrest,BREAKENTER,2819.6446761
Cliffcrest,HOMICIDE,34.262219906
Cliffcrest,ROBBERY,1509.3005448
Cliffcrest,SHOOTING,94.883016105
Cliffcrest,THEFTFROMMV,4739.3623804
Cliffcrest,THEFTOVER,304.52387714
Corso Italia-Davenport,ASSAULT,7390.918274
Corso Italia-Davenport,AUTOTHEFT,1431.15875248
Corso Italia-Davenport,BIKETHEFT,845.53015977
Corso Italia-Davenport,BREAKENTER,2394.4116593
Corso Italia-Davenport,HOMICIDE,23.475326537999997
Corso Italia-Davenport,ROBBERY,1466.459206594
Corso Italia-Davenport,SHOOTING,109.137588033
Corso Italia-Davenport,THEFTFROMMV,2426.4365983000002
Corso Italia-Davenport,THEFTOVER,359.37821673999997
Danforth,ASSAULT,9831.1826784
Danforth,AUTOTHEFT,1265.64957808
Danforth,BIKETHEFT,2794.6026986
Danforth,BREAKENTER,4273.0461884
Danforth,HOMICIDE,66.104348192
Danforth,ROBBERY,2245.1264725
Danforth,SHOOTING,109.248076447
Danforth,THEFTFROMMV,4332.4253566
Danforth,THEFTOVER,405.04740716
Danforth East York,ASSAULT,4817.5544433
Danforth East York,AUTOTHEFT,1283.41109463
Danforth East York,BIKETHEFT,794.5470520700001
Danforth East York,BREAKENTER,1712.69813531
Danforth East York,HOMICIDE,6.577556133
Danforth East York,ROBBERY,503.66246794
Danforth East York,SHOOTING,26.429754257
Danforth East York,THEFTFROMMV,3452.9243929
Danforth East York,THEFTOVER,231.443816674
Don Valley Village,ASSAULT,5804.4270936
Don Valley Village,AUTOTHEFT,2159.39124296
Don Valley Village,BIKETHEFT,301.603560104
Don Valley Village,BREAKENTER,2057.9453354
Don Valley Village,HOMICIDE,26.933522701
Don Valley Village,ROBBERY,1320.02513888
Don Valley Village,SHOOTING,80.69754005
Don Valley Village,THEFTFROMMV,3118.1835333
Don Valley Village,THEFTOVER,445.69387243
Dorset Park,ASSAULT,8490.4231873
Dorset Park,AUTOTHEFT,2978.3306275
Dorset Park,BIKETHEFT,291.757111046
Dorset Park,BREAKENTER,3464.4018708
Dorset Park,HOMICIDE,53.409006836
Dorset Park,ROBBERY,1659.47614295
Dorset Park,SHOOTING,274.336282733
Dorset Park,THEFTFROMMV,4044.3979694
Dorset Park,THEFTOVER,469.16010665
Dovercourt Village,ASSAULT,7063.4477845
Dovercourt Village,AUTOTHEFT,1235.99977109
Dovercourt Village,BIKETHEFT,2704.4476858
Dovercourt Village,BREAKENTER,3425.8102569
Dovercourt Village,HOMICIDE,41.441435339
Dovercourt Village,ROBBERY,1721.417015
Dovercourt Village,SHOOTING,41.640324597
Dovercourt Village,THEFTFROMMV,3745.1288445
Dovercourt Village,THEFTOVER,291.11665059
Downsview,ASSAULT,9945.7593998
Downsview,AUTOTHEFT,4035.8686676
Downsview,BIKETHEFT,476.01496784
Downsview,BREAKENTER,2654.5363616
Downsview,HOMICIDE,42.484427453
Downsview,ROBBERY,1466.2908172
Downsview,SHOOTING,227.50710105
Downsview,THEFTFROMMV,4413.4425245
Downsview,THEFTOVER,629.41885758
Downtown Yonge East,ASSAULT,37912.287598
Downtown Yonge East,AUTOTHEFT,2446.3918457
Downtown Yonge East,BIKETHEFT,11981.2215834
Downtown Yonge East,BREAKENTER,9154.5543827
Downtown Yonge East,HOMICIDE,70.494876387
Downtown Yonge East,ROBBERY,7901.7810669
Downtown Yonge East,SHOOTING,245.48192691
Downtown Yonge East,THEFTFROMMV,12959.7555054
Downtown Yonge East,THEFTOVER,1674.82484448
Dufferin Grove,ASSAULT,8874.9614871
Dufferin Grove,AUTOTHEFT,1145.46050643
Dufferin Grove,BIKETHEFT,3532.0621086
Dufferin Grove,BREAKENTER,3178.4187927
Dufferin Grove,HOMICIDE,18.144843578
Dufferin Grove,ROBBERY,2093.41536532
Dufferin Grove,SHOOTING,116.912791244
Dufferin Grove,THEFTFROMMV,3474.6955045
Dufferin Grove,THEFTOVER,514.99206162
East End-Danforth,ASSAULT,10054.460266
East End-Danforth,AUTOTHEFT,1595.80971533
East End-Danforth,BIKETHEFT,2276.2717807
East End-Danforth,BREAKENTER,3812.9827575
East End-Danforth,HOMICIDE,43.941473488
East End-Danforth,ROBBERY,1677.21960454
East End-Danforth,SHOOTING,87.657254219
East End-Danforth,THEFTFROMMV,4616.2109739
East End-Danforth,THEFTOVER,450.55225372
East L'Amoreaux,ASSAULT,4409.0829773000005
East L'Amoreaux,AUTOTHEFT,1032.8642845
East L'Amoreaux,BIKETHEFT,132.053043257
East L'Amoreaux,BREAKENTER,1601.94812774
East L'Amoreaux,HOMICIDE,5.477678776
East L'Amoreaux,ROBBERY,961.58565143
East L'Amoreaux,SHOOTING,105.824648853
East L'Amoreaux,THEFTFROMMV,1680.70777733
East L'Amoreaux,THEFTOVER,244.152569767
East Willowdale,ASSAULT,3257.4425812
East Willowdale,AUTOTHEFT,2190.58810425
East Willowdale,BIKETHEFT,604.570212926
East Willowdale,BREAKENTER,3732.6411134
East Willowdale,HOMICIDE,0
East Willowdale,ROBBERY,1299.25453181
East Willowdale,SHOOTING,67.434536933
East Willowdale,THEFTFROMMV,2975.1004873
East Willowdale,THEFTOVER,432.68065834
Edenbridge-Humber Valley,ASSAULT,2244.0966338
Edenbridge-Humber Valley,AUTOTHEFT,2768.1044844
Edenbridge-Humber Valley,BIKETHEFT,346.87954386
Edenbridge-Humber Valley,BREAKENTER,2868.33644848
Edenbridge-Humber Valley,HOMICIDE,0
Edenbridge-Humber Valley,ROBBERY,386.37993239
Edenbridge-Humber Valley,SHOOTING,77.505615704
Edenbridge-Humber Valley,THEFTFROMMV,3092.5905278
Edenbridge-Humber Valley,THEFTOVER,319.456434253
Eglinton East,ASSAULT,9475.9361572
Eglinton East,AUTOTHEFT,1552.50854871
Eglinton East,BIKETHEFT,275.366262016
Eglinton East,BREAKENTER,2558.76618963
Eglinton East,HOMICIDE,57.241107464
Eglinton East,ROBBERY,1850.94349673
Eglinton East,SHOOTING,293.391203881
Eglinton East,THEFTFROMMV,3371.2010562
Eglinton East,THEFTOVER,303.659320826
Elms-Old Rexdale,ASSAULT,6687.5693664
Elms-Old Rexdale,AUTOTHEFT,3421.61680595
Elms-Old Rexdale,BIKETHEFT,256.80809848
Elms-Old Rexdale,BREAKENTER,1250.61883529
Elms-Old Rexdale,HOMICIDE,33.568804740000004
Elms-Old Rexdale,ROBBERY,1530.64224236
Elms-Old Rexdale,SHOOTING,457.85446549
Elms-Old Rexdale,THEFTFROMMV,3011.4925885000002
Elms-Old Rexdale,THEFTOVER,200.39827824
Englemount-Lawrence,ASSAULT,5326.55542
Englemount-Lawrence,AUTOTHEFT,1926.74539958
Englemount-Lawrence,BIKETHEFT,746.5079025800001
Englemount-Lawrence,BREAKENTER,2086.30444345
Englemount-Lawrence,HOMICIDE,15.692204952
Englemount-Lawrence,ROBBERY,953.60489082
Englemount-Lawrence,SHOOTING,376.71835709
Englemount-Lawrence,THEFTFROMMV,2758.3050914
Englemount-Lawrence,THEFTOVER,337.652828221
Eringate-Centennial-West Deane,ASSAULT,3352.6195069
Eringate-Centennial-West Deane,AUTOTHEFT,3107.362442
Eringate-Centennial-West Deane,BIKETHEFT,160.78732967
Eringate-Centennial-West Deane,BREAKENTER,1489.00454334
Eringate-Centennial-West Deane,HOMICIDE,18.435177324
Eringate-Centennial-West Deane,ROBBERY,784.32524491
Eringate-Centennial-West Deane,SHOOTING,117.43467999500001
Eringate-Centennial-West Deane,THEFTFROMMV,2727.1177098
Eringate-Centennial-West Deane,THEFTOVER,216.19220543
Etobicoke City Centre,ASSAULT,8983.2856445
Etobicoke City Centre,AUTOTHEFT,6645.0069578
Etobicoke City Centre,BIKETHEFT,793.21971575
Etobicoke City Centre,BREAKENTER,3776.8899841
Etobicoke City Centre,HOMICIDE,53.388298514
Etobicoke City Centre,ROBBERY,1424.87588878
Etobicoke City Centre,SHOOTING,128.970163828
Etobicoke City Centre,THEFTFROMMV,7107.666458
Etobicoke City Centre,THEFTOVER,1977.72801964
Etobicoke West Mall,ASSAULT,4870.9756776
Etobicoke West Mall,AUTOTHEFT,1729.86159505
Etobicoke West Mall,BIKETHEFT,305.889452131
Etobicoke West Mall,BREAKENTER,1447.38335412
Etobicoke West Mall,HOMICIDE,46.344108579
Etobicoke West Mall,ROBBERY,567.284516296
Etobicoke West Mall,SHOOTING,192.51185845999998
Etobicoke West Mall,THEFTFROMMV,2504.4062835
Etobicoke West Mall,THEFTOVER,327.76951217
Fenside-Parkwoods,ASSAULT,5799.7088012
Fenside-Parkwoods,AUTOTHEFT,1340.96099469
Fenside-Parkwoods,BIKETHEFT,243.997287623
Fenside-Parkwoods,BREAKENTER,1604.02788555
Fenside-Parkwoods,HOMICIDE,21.892748832000002
Fenside-Parkwoods,ROBBERY,823.68722147
Fenside-Parkwoods,SHOOTING,110.986521711
Fenside-Parkwoods,THEFTFROMMV,2736.3161867
Fenside-Parkwoods,THEFTOVER,188.342018606
Flemingdon Park,ASSAULT,7784.7073364
Flemingdon Park,AUTOTHEFT,771.25836177
Flemingdon Park,BIKETHEFT,321.440214937
Flemingdon Park,BREAKENTER,1039.17984779
Flemingdon Park,HOMICIDE,10.738742828
Flemingdon Park,ROBBERY,837.44049261
Flemingdon Park,SHOOTING,352.806747912
Flemingdon Park,THEFTFROMMV,1997.45048262
Flemingdon Park,THEFTOVER,182.202487947
Forest Hill North,ASSAULT,3260.493042
Forest Hill North,AUTOTHEFT,2233.32775487
Forest Hill North,BIKETHEFT,1216.71420621
Forest Hill North,BREAKENTER,2892.72416707
Forest Hill North,HOMICIDE,0
Forest Hill North,ROBBERY,815.82018004
Forest Hill North,SHOOTING,25.684628009
Forest Hill North,THEFTFROMMV,2640.35248362
Forest Hill North,THEFTOVER,284.0474186
Forest Hill South,ASSAULT,2314.1439362
Forest Hill South,AUTOTHEFT,3546.20344554
Forest Hill South,BIKETHEFT,1190.18489959
Forest Hill South,BREAKENTER,3830.5543061
Forest Hill South,HOMICIDE,0
Forest Hill South,ROBBERY,447.570605271
Forest Hill South,SHOOTING,19.210832596
Forest Hill South,THEFTFROMMV,2366.4568739
Forest Hill South,THEFTOVER,496.26469231
Fort York-Liberty Village,ASSAULT,7622.0786437
Fort York-Liberty Village,AUTOTHEFT,921.50671008
Fort York-Liberty Village,BIKETHEFT,4124.0011598
Fort York-Liberty Village,BREAKENTER,2664.6976013
Fort York-Liberty Village,HOMICIDE,31.246786599
Fort York-Liberty Village,ROBBERY,453.11409568
Fort York-Liberty Village,SHOOTING,98.18001413900001
Fort York-Liberty Village,THEFTFROMMV,2439.9360133
Fort York-Liberty Village,THEFTOVER,697.99863433
Glenfield-Jane Heights,ASSAULT,12758.682556
Glenfield-Jane Heights,AUTOTHEFT,3613.7621765
Glenfield-Jane Heights,BIKETHEFT,449.08517853
Glenfield-Jane Heights,BREAKENTER,1603.73848735
Glenfield-Jane Heights,HOMICIDE,57.902977701
Glenfield-Jane Heights,ROBBERY,1931.67462906
Glenfield-Jane Heights,SHOOTING,833.24222567
Glenfield-Jane Heights,THEFTFROMMV,3317.9073527
Glenfield-Jane Heights,THEFTOVER,483.70092011
Golfdale-Cedarbrae-Woburn,ASSAULT,9350.9329223
Golfdale-Cedarbrae-Woburn,AUTOTHEFT,1704.46669385
Golfdale-Cedarbrae-Woburn,BIKETHEFT,259.85633925
Golfdale-Cedarbrae-Woburn,BREAKENTER,1837.04328162
Golfdale-Cedarbrae-Woburn,HOMICIDE,50.923072334
Golfdale-Cedarbrae-Woburn,ROBBERY,1819.48731618
Golfdale-Cedarbrae-Woburn,SHOOTING,288.324972159
Golfdale-Cedarbrae-Woburn,THEFTFROMMV,2866.6754458
Golfdale-Cedarbrae-Woburn,THEFTOVER,257.72356795999997
Greenwood-Coxwell,ASSAULT,8824.9169922
Greenwood-Coxwell,AUTOTHEFT,1562.95181279
Greenwood-Coxwell,BIKETHEFT,2543.2538158
Greenwood-Coxwell,BREAKENTER,3048.2397613
Greenwood-Coxwell,HOMICIDE,38.108485221
Greenwood-Coxwell,ROBBERY,1385.2366714300001
Greenwood-Coxwell,SHOOTING,113.96100617100001
Greenwood-Coxwell,THEFTFROMMV,4636.3217198
Greenwood-Coxwell,THEFTOVER,442.13742067
Guildwood,ASSAULT,4587.1151426
Guildwood,AUTOTHEFT,776.10807602
Guildwood,BIKETHEFT,262.303371812
Guildwood,BREAKENTER,1226.45316309
Guildwood,HOMICIDE,32.316915509
Guildwood,ROBBERY,723.368582772
Guildwood,SHOOTING,43.216591831
Guildwood,THEFTFROMMV,3887.4330811
Guildwood,THEFTOVER,185.008431443
Harbourfront-CityPlace,ASSAULT,8891.2246703
Harbourfront-CityPlace,AUTOTHEFT,851.63767811
Harbourfront-CityPlace,BIKETHEFT,4652.4586452
Harbourfront-CityPlace,BREAKENTER,2791.6473617
Harbourfront-CityPlace,HOMICIDE,12.894192695000001
Harbourfront-CityPlace,ROBBERY,845.46468354
Harbourfront-CityPlace,SHOOTING,123.858032929
Harbourfront-CityPlace,THEFTFROMMV,3129.3394605
Harbourfront-CityPlace,THEFTOVER,703.7525158
Henry Farm,ASSAULT,5183.9132690999995
Henry Farm,AUTOTHEFT,1462.29092408
Henry Farm,BIKETHEFT,377.81734182
Henry Farm,BREAKENTER,1814.28298943
Henry Farm,HOMICIDE,26.044692516
Henry Farm,ROBBERY,548.65169907
Henry Farm,SHOOTING,102.861783509
Henry Farm,THEFTFROMMV,3607.0357542
Henry Farm,THEFTOVER,412.831260212
High Park North,ASSAULT,5569.3213197
High Park North,AUTOTHEFT,1042.94265166
High Park North,BIKETHEFT,2243.5573678
High Park North,BREAKENTER,2399.18279255
High Park North,HOMICIDE,15.690180778
High Park North,ROBBERY,1069.86990751
High Park North,SHOOTING,0
High Park North,THEFTFROMMV,1796.17758425
High Park North,THEFTOVER,204.789745333
High Park-Swansea,ASSAULT,4840.8830566
High Park-Swansea,AUTOTHEFT,1530.89006045
High Park-Swansea,BIKETHEFT,1498.07112554
High Park-Swansea,BREAKENTER,2241.2033919
High Park-Swansea,HOMICIDE,14.65518713
High Park-Swansea,ROBBERY,983.46870791
High Park-Swansea,SHOOTING,114.638029576
High Park-Swansea,THEFTFROMMV,2431.5048256
High Park-Swansea,THEFTOVER,355.64181041
Highland Creek,ASSAULT,4719.104126
Highland Creek,AUTOTHEFT,2137.83597568
Highland Creek,BIKETHEFT,440.09823658
Highland Creek,BREAKENTER,2039.49535739
Highland Creek,HOMICIDE,25.530722142000002
Highland Creek,ROBBERY,904.8187274100001
Highland Creek,SHOOTING,67.796537878
Highland Creek,THEFTFROMMV,2806.6463142000002
Highland Creek,THEFTOVER,179.12774610900001
Hillcrest Village,ASSAULT,3687.4142608
Hillcrest Village,AUTOTHEFT,1752.31412508
Hillcrest Village,BIKETHEFT,272.5585146
Hillcrest Village,BREAKENTER,2217.8508834
Hillcrest Village,HOMICIDE,13.218702792999999
Hillcrest Village,ROBBERY,1114.86873243
Hillcrest Village,SHOOTING,52.914379116999996
Hillcrest Village,THEFTFROMMV,2442.7600994
Hillcrest Village,THEFTOVER,370.76934337
Humber Bay Shores,ASSAULT,5892.4092406
Humber Bay Shores,AUTOTHEFT,1505.45395284
Humber Bay Shores,BIKETHEFT,2104.88174791
Humber Bay Shores,BREAKENTER,1432.0515442
Humber Bay Shores,HOMICIDE,25.555070877000002
Humber Bay Shores,ROBBERY,458.12462139
Humber Bay Shores,SHOOTING,63.219543937
Humber Bay Shores,THEFTFROMMV,2048.20939433
Humber Bay Shores,THEFTOVER,523.40591048
Humber Heights-Westmount,ASSAULT,3491.4134064
Humber Heights-Westmount,AUTOTHEFT,2319.5616303
Humber Heights-Westmount,BIKETHEFT,215.309946292
Humber Heights-Westmount,BREAKENTER,1996.34494032
Humber Heights-Westmount,HOMICIDE,82.316126822
Humber Heights-Westmount,ROBBERY,631.833645831
Humber Heights-Westmount,SHOOTING,360.430560111
Humber Heights-Westmount,THEFTFROMMV,3208.8094281
Humber Heights-Westmount,THEFTOVER,308.719773277
Humber Summit,ASSAULT,9553.1348877
Humber Summit,AUTOTHEFT,9018.5639044
Humber Summit,BIKETHEFT,320.700985857
Humber Summit,BREAKENTER,4359.5070647
Humber Summit,HOMICIDE,86.148777485
Humber Summit,ROBBERY,2144.567543
Humber Summit,SHOOTING,589.737814432
Humber Summit,THEFTFROMMV,6757.3800563
Humber Summit,THEFTOVER,1896.2219848
Humbermede,ASSAULT,9382.6152957
Humbermede,AUTOTHEFT,4737.7300569
Humbermede,BIKETHEFT,178.310860378
Humbermede,BREAKENTER,2479.8019715
Humbermede,HOMICIDE,14.421505451
Humbermede,ROBBERY,1887.90722656
Humbermede,SHOOTING,299.25098229
Humbermede,THEFTFROMMV,3107.526295
Humbermede,THEFTOVER,574.33548832
Humewood-Cedarvale,ASSAULT,3495.119522
Humewood-Cedarvale,AUTOTHEFT,1984.53376017
Humewood-Cedarvale,BIKETHEFT,1704.24518889
Humewood-Cedarvale,BREAKENTER,2558.8040999
Humewood-Cedarvale,HOMICIDE,15.528833867
Humewood-Cedarvale,ROBBERY,490.361647128
Humewood-Cedarvale,SHOOTING,15.185058594000001
Humewood-Cedarvale,THEFTFROMMV,3733.4679124
Humewood-Cedarvale,THEFTOVER,297.53975486
Ionview,ASSAULT,7631.2309568
Ionview,AUTOTHEFT,800.26660923
Ionview,BIKETHEFT,201.427459453
Ionview,BREAKENTER,1797.6454849299998
Ionview,HOMICIDE,0
Ionview,ROBBERY,712.89158437
Ionview,SHOOTING,64.533075333
Ionview,THEFTFROMMV,2235.86156742
Ionview,THEFTOVER,161.901525988
Islington,ASSAULT,4162.099167
Islington,AUTOTHEFT,2862.2987215
Islington,BIKETHEFT,419.45232995
Islington,BREAKENTER,2491.0208282
Islington,HOMICIDE,0
Islington,ROBBERY,857.38668442
Islington,SHOOTING,67.167901274
Islington,THEFTFROMMV,3436.4997743
Islington,THEFTOVER,348.308253279
Junction Area,ASSAULT,8473.6771851
Junction Area,AUTOTHEFT,2421.9296572
Junction Area,BIKETHEFT,1588.36155858
Junction Area,BREAKENTER,3654.2656708
Junction Area,HOMICIDE,7.955070019
Junction Area,ROBBERY,1241.33089441
Junction Area,SHOOTING,54.535429474
Junction Area,THEFTFROMMV,3417.7618733
Junction Area,THEFTOVER,509.79936315
Junction-Wallace Emerson,ASSAULT,8440.203186
Junction-Wallace Emerson,AUTOTHEFT,1375.51548392
Junction-Wallace Emerson,BIKETHEFT,2544.2862779
Junction-Wallace Emerson,BREAKENTER,3447.2906341000003
Junction-Wallace Emerson,HOMICIDE,30.849219798
Junction-Wallace Emerson,ROBBERY,1147.1010857
Junction-Wallace Emerson,SHOOTING,129.298439026
Junction-Wallace Emerson,THEFTFROMMV,4007.1306756
Junction-Wallace Emerson,THEFTOVER,334.03119277
Keelesdale-Eglinton West,ASSAULT,7265.1418458
Keelesdale-Eglinton West,AUTOTHEFT,2308.7675400000003
Keelesdale-Eglinton West,BIKETHEFT,315.17118829
Keelesdale-Eglinton West,BREAKENTER,2056.0734481
Keelesdale-Eglinton West,HOMICIDE,66.45855332000001
Keelesdale-Eglinton West,ROBBERY,1849.32981095
Keelesdale-Eglinton West,SHOOTING,201.403077128
Keelesdale-Eglinton West,THEFTFROMMV,2297.1068208
Keelesdale-Eglinton West,THEFTOVER,256.105349541
Kennedy Park,ASSAULT,14701.474488
Kennedy Park,AUTOTHEFT,1951.57484434
Kennedy Park,BIKETHEFT,434.141556234
Kennedy Park,BREAKENTER,2781.8321227
Kennedy Park,HOMICIDE,32.8082962
Kennedy Park,ROBBERY,2682.2042695
Kennedy Park,SHOOTING,150.86268806
Kennedy Park,THEFTFROMMV,4118.4421631000005
Kennedy Park,THEFTOVER,479.74400902
Kensington-Chinatown,ASSAULT,24191.839109
Kensington-Chinatown,AUTOTHEFT,2111.1237868
Kensington-Chinatown,BIKETHEFT,7133.1177483
Kensington-Chinatown,BREAKENTER,8729.6775204
Kensington-Chinatown,HOMICIDE,87.024184698
Kensington-Chinatown,ROBBERY,3559.4701539
Kensington-Chinatown,SHOOTING,369.44063663000003
Kensington-Chinatown,THEFTFROMMV,19657.7818186
Kensington-Chinatown,THEFTOVER,1611.5120772999999
Kingsview Village-The Westway,ASSAULT,6059.1871031
Kingsview Village-The Westway,AUTOTHEFT,3530.3977815
Kingsview Village-The Westway,BIKETHEFT,193.786993524
Kingsview Village-The Westway,BREAKENTER,1595.96880345
Kingsview Village-The Westway,HOMICIDE,53.993536472
Kingsview Village-The Westway,ROBBERY,911.9933757
Kingsview Village-The Westway,SHOOTING,291.596342568
Kingsview Village-The Westway,THEFTFROMMV,3709.8886425
Kingsview Village-The Westway,THEFTOVER,291.133296966
Kingsway South,ASSAULT,3249.9425965
Kingsway South,AUTOTHEFT,3450.32379913
Kingsway South,BIKETHEFT,1098.28357414
Kingsway South,BREAKENTER,2764.19726558
Kingsway South,HOMICIDE,0
Kingsway South,ROBBERY,1289.04162224
Kingsway South,SHOOTING,11.48547745
Kingsway South,THEFTFROMMV,2476.6761279
Kingsway South,THEFTOVER,426.16265488
L'Amoreaux West,ASSAULT,4888.6208802
L'Amoreaux West,AUTOTHEFT,1189.1296464299999
L'Amoreaux West,BIKETHEFT,268.683752776
L'Amoreaux West,BREAKENTER,1647.00819388
L'Amoreaux West,HOMICIDE,42.187108516
L'Amoreaux West,ROBBERY,1010.96508412
L'Amoreaux West,SHOOTING,254.877522469
L'Amoreaux West,THEFTFROMMV,1907.5096652
L'Amoreaux West,THEFTOVER,121.56147385599999
Lambton Baby Point,ASSAULT,4122.6497803
Lambton Baby Point,AUTOTHEFT,1502.3517302
Lambton Baby Point,BIKETHEFT,850.0553312
Lambton Baby Point,BREAKENTER,1556.9125823
Lambton Baby Point,HOMICIDE,0
Lambton Baby Point,ROBBERY,380.26688481
Lambton Baby Point,SHOOTING,130.88284396
Lambton Baby Point,THEFTFROMMV,1778.89036363
Lambton Baby Point,THEFTOVER,170.01704596
Lansing-Westgate,ASSAULT,5093.9553681
Lansing-Westgate,AUTOTHEFT,2854.84473414
Lansing-Westgate,BIKETHEFT,492.901310093
Lansing-Westgate,BREAKENTER,2622.9153365399998
Lansing-Westgate,HOMICIDE,20.03384018
Lansing-Westgate,ROBBERY,933.60009381
Lansing-Westgate,SHOOTING,74.766868588
Lansing-Westgate,THEFTFROMMV,3257.6973713
Lansing-Westgate,THEFTOVER,497.99003792999997
Lawrence Park North,ASSAULT,2330.9720307
Lawrence Park North,AUTOTHEFT,2804.0677260899997
Lawrence Park North,BIKETHEFT,1053.30351819
Lawrence Park North,BREAKENTER,1983.3358079
Lawrence Park North,HOMICIDE,7.627783775
Lawrence Park North,ROBBERY,413.01437855
Lawrence Park North,SHOOTING,7.627783775
Lawrence Park North,THEFTFROMMV,2913.3551915
Lawrence Park North,THEFTOVER,286.422581689
Lawrence Park South,ASSAULT,1809.45071416
Lawrence Park South,AUTOTHEFT,3148.85197436
Lawrence Park South,BIKETHEFT,988.30769683
Lawrence Park South,BREAKENTER,3424.1127472000003
Lawrence Park South,HOMICIDE,0
Lawrence Park South,ROBBERY,491.83808327
Lawrence Park South,SHOOTING,7.041565895
Lawrence Park South,THEFTFROMMV,2469.4577352
Lawrence Park South,THEFTOVER,327.82506466
Leaside-Bennington,ASSAULT,2425.5030974
Leaside-Bennington,AUTOTHEFT,2786.68721381
Leaside-Bennington,BIKETHEFT,1679.82725252
Leaside-Bennington,BREAKENTER,2526.3519897
Leaside-Bennington,HOMICIDE,6.836689472
Leaside-Bennington,ROBBERY,463.81615638
Leaside-Bennington,SHOOTING,19.981423377
Leaside-Bennington,THEFTFROMMV,2916.3296557
Leaside-Bennington,THEFTOVER,346.94565199
Little Portugal,ASSAULT,6939.9612731
Little Portugal,AUTOTHEFT,1149.97175987
Little Portugal,BIKETHEFT,3393.87755872
Little Portugal,BREAKENTER,3095.099823
Little Portugal,HOMICIDE,37.709220411
Little Portugal,ROBBERY,784.45112609
Little Portugal,SHOOTING,35.37454176
Little Portugal,THEFTFROMMV,2479.8538478
Little Portugal,THEFTOVER,416.879047864
Long Branch,ASSAULT,7313.430114700001
Long Branch,AUTOTHEFT,2079.89936832
Long Branch,BIKETHEFT,1615.95441482
Long Branch,BREAKENTER,2941.1329345
Long Branch,HOMICIDE,9.830021858
Long Branch,ROBBERY,1215.322602288
Long Branch,SHOOTING,60.75728607
Long Branch,THEFTFROMMV,3552.8964313
Long Branch,THEFTOVER,272.938397408
Malvern East,ASSAULT,7745.1831666
Malvern East,AUTOTHEFT,1596.52002335
Malvern East,BIKETHEFT,176.749077593
Malvern East,BREAKENTER,1146.36571888
Malvern East,HOMICIDE,46.910309313
Malvern East,ROBBERY,1160.84837721
Malvern East,SHOOTING,256.14998006
Malvern East,THEFTFROMMV,1861.5694444399999
Malvern East,THEFTOVER,157.971229554
Malvern West,ASSAULT,5941.4022522
Malvern West,AUTOTHEFT,1838.15946972
Malvern West,BIKETHEFT,182.152657054
Malvern West,BREAKENTER,1259.75219345
Malvern West,HOMICIDE,31.26761198
Malvern West,ROBBERY,1248.40874871
Malvern West,SHOOTING,225.324362276
Malvern West,THEFTFROMMV,2329.5645805
Malvern West,THEFTOVER,270.89100267
Maple Leaf,ASSAULT,3478.9419251
Maple Leaf,AUTOTHEFT,2249.75023654
Maple Leaf,BIKETHEFT,74.432286264
Maple Leaf,BREAKENTER,1433.99059285
Maple Leaf,HOMICIDE,0
Maple Leaf,ROBBERY,479.620306977
Maple Leaf,SHOOTING,116.594541551
Maple Leaf,THEFTFROMMV,1970.6228233
Maple Leaf,THEFTOVER,233.198888786
Markland Wood,ASSAULT,2767.7317048
Markland Wood,AUTOTHEFT,2109.50164043
Markland Wood,BIKETHEFT,618.113395168
Markland Wood,BREAKENTER,2068.89231102
Markland Wood,HOMICIDE,0
Markland Wood,ROBBERY,914.83138648
Markland Wood,SHOOTING,20.425591469
Markland Wood,THEFTFROMMV,3225.8291051
Markland Wood,THEFTOVER,246.517569533
Milliken,ASSAULT,3664.9538881
Milliken,AUTOTHEFT,4149.2809293
Milliken,BIKETHEFT,124.333384307
Milliken,BREAKENTER,4348.8553924
Milliken,HOMICIDE,13.716207266
Milliken,ROBBERY,1461.55035387
Milliken,SHOOTING,91.792208433
Milliken,THEFTFROMMV,3382.7047963
Milliken,THEFTOVER,710.79888152
Mimico-Queensway,ASSAULT,17655.1724248
Mimico-Queensway,AUTOTHEFT,2345.09188843
Mimico-Queensway,BIKETHEFT,1225.141257
Mimico-Queensway,BREAKENTER,2560.6753692
Mimico-Queensway,HOMICIDE,26.39772749
Mimico-Queensway,ROBBERY,690.41047094
Mimico-Queensway,SHOOTING,72.360743046
Mimico-Queensway,THEFTFROMMV,3390.6543549
Mimico-Queensway,THEFTOVER,631.40810779
Morningside,ASSAULT,8752.711792
Morningside,AUTOTHEFT,1624.53110501
Morningside,BIKETHEFT,105.167352239
Morningside,BREAKENTER,1139.32833864
Morningside,HOMICIDE,32.549735546
Morningside,ROBBERY,871.32929232
Morningside,SHOOTING,194.369275094
Morningside,THEFTFROMMV,2534.1687581
Morningside,THEFTOVER,123.394412984
Morningside Heights,ASSAULT,4821.2628174
Morningside Heights,AUTOTHEFT,2778.44122693
Morningside Heights,BIKETHEFT,84.37367911
Morningside Heights,BREAKENTER,1567.13094326
Morningside Heights,HOMICIDE,32.988587614000004
Morningside Heights,ROBBERY,946.48549272
Morningside Heights,SHOOTING,196.546559347
Morningside Heights,THEFTFROMMV,2550.9390255
Morningside Heights,THEFTOVER,443.14320755
Moss Park,ASSAULT,32236.716064
Moss Park,AUTOTHEFT,2179.73440563
Moss Park,BIKETHEFT,6554.7620205
Moss Park,BREAKENTER,8992.6778567
Moss Park,HOMICIDE,157.861939437
Moss Park,ROBBERY,6815.3193513
Moss Park,SHOOTING,297.896019944
Moss Park,THEFTFROMMV,9800.124389
Moss Park,THEFTOVER,1093.12548825
Mount Dennis,ASSAULT,8237.4875489
Mount Dennis,AUTOTHEFT,2105.7760087
Mount Dennis,BIKETHEFT,244.533383714
Mount Dennis,BREAKENTER,1738.55158984
Mount Dennis,HOMICIDE,56.836050993
Mount Dennis,ROBBERY,1477.22274779
Mount Dennis,SHOOTING,196.077081693
Mount Dennis,THEFTFROMMV,2575.997411
Mount Dennis,THEFTOVER,276.170028696
Mount Olive-Silverstone-Jamestown,ASSAULT,9872.7462768
Mount Olive-Silverstone-Jamestown,AUTOTHEFT,3142.9543686
Mount Olive-Silverstone-Jamestown,BIKETHEFT,299.355151199
Mount Olive-Silverstone-Jamestown,BREAKENTER,1075.4475249500001
Mount Olive-Silverstone-Jamestown,HOMICIDE,85.465495354
Mount Olive-Silverstone-Jamestown,ROBBERY,2603.46878823
Mount Olive-Silverstone-Jamestown,SHOOTING,446.27041055
Mount Olive-Silverstone-Jamestown,THEFTFROMMV,3542.5692714
Mount Olive-Silverstone-Jamestown,THEFTOVER,255.520833488
Mount Pleasant East,ASSAULT,2914.0818024
Mount Pleasant East,AUTOTHEFT,1570.83650783
Mount Pleasant East,BIKETHEFT,1360.28499828
Mount Pleasant East,BREAKENTER,1909.18626403
Mount Pleasant East,HOMICIDE,0
Mount Pleasant East,ROBBERY,510.86503076
Mount Pleasant East,SHOOTING,13.167278288999999
Mount Pleasant East,THEFTFROMMV,2171.37476024
Mount Pleasant East,THEFTOVER,265.626463414
New Toronto,ASSAULT,10655.9337157
New Toronto,AUTOTHEFT,1821.66548916
New Toronto,BIKETHEFT,1246.52829367
New Toronto,BREAKENTER,2836.6125795
New Toronto,HOMICIDE,28.330428126999998
New Toronto,ROBBERY,1660.72451034
New Toronto,SHOOTING,159.594495777
New Toronto,THEFTFROMMV,3219.258386
New Toronto,THEFTOVER,356.7733078
Newtonbrook East,ASSAULT,5686.0055237
Newtonbrook East,AUTOTHEFT,2070.85348897
Newtonbrook East,BIKETHEFT,519.118874934
Newtonbrook East,BREAKENTER,3090.6037291000002
Newtonbrook East,HOMICIDE,28.225424767
Newtonbrook East,ROBBERY,803.91856766
Newtonbrook East,SHOOTING,69.429966924
Newtonbrook East,THEFTFROMMV,2650.1809522
Newtonbrook East,THEFTOVER,528.635906196
Newtonbrook West,ASSAULT,8115.061615
Newtonbrook West,AUTOTHEFT,3919.17406475
Newtonbrook West,BIKETHEFT,956.0629855
Newtonbrook West,BREAKENTER,2483.7845077
Newtonbrook West,HOMICIDE,4.862495184
Newtonbrook West,ROBBERY,1140.83223523
Newtonbrook West,SHOOTING,49.06718492
Newtonbrook West,THEFTFROMMV,3956.6374914
Newtonbrook West,THEFTOVER,520.98486138
North Riverdale,ASSAULT,5575.5439452
North Riverdale,AUTOTHEFT,1457.87295535
North Riverdale,BIKETHEFT,2627.5931115
North Riverdale,BREAKENTER,3386.8996582
North Riverdale,HOMICIDE,37.039218904
North Riverdale,ROBBERY,1726.73879249
North Riverdale,SHOOTING,55.466121675
North Riverdale,THEFTFROMMV,3744.6164849
North Riverdale,THEFTOVER,313.887826923
North St.James Town,ASSAULT,12040.8310544
North St.James Town,AUTOTHEFT,1002.16904444
North St.James Town,BIKETHEFT,2911.4298088
North St.James Town,BREAKENTER,3454.8512116
North St.James Town,HOMICIDE,31.023743631000002
North St.James Town,ROBBERY,1745.31083677
North St.James Town,SHOOTING,126.788660039
North St.James Town,THEFTFROMMV,4923.7172702
North St.James Town,THEFTOVER,417.99443529
North Toronto,ASSAULT,6244.5436096
North Toronto,AUTOTHEFT,576.799096106
North Toronto,BIKETHEFT,1557.86163458
North Toronto,BREAKENTER,3439.6613464
North Toronto,HOMICIDE,16.863714695
North Toronto,ROBBERY,809.6087284299999
North Toronto,SHOOTING,15.996673107
North Toronto,THEFTFROMMV,1518.44668063
North Toronto,THEFTOVER,315.56712436
O'Connor-Parkview,ASSAULT,8602.1015014
O'Connor-Parkview,AUTOTHEFT,1596.69209288
O'Connor-Parkview,BIKETHEFT,472.89366294
O'Connor-Parkview,BREAKENTER,2403.7136918
O'Connor-Parkview,HOMICIDE,24.540066243
O'Connor-Parkview,ROBBERY,919.03320309
O'Connor-Parkview,SHOOTING,159.892888554
O'Connor-Parkview,THEFTFROMMV,3784.6836482
O'Connor-Parkview,THEFTOVER,398.75691127
Oakdale-Beverley Heights,ASSAULT,16453.752075
Oakdale-Beverley Heights,AUTOTHEFT,5171.8221588
Oakdale-Beverley Heights,BIKETHEFT,472.69805089
Oakdale-Beverley Heights,BREAKENTER,3039.9138258
Oakdale-Beverley Heights,HOMICIDE,40.495163442
Oakdale-Beverley Heights,ROBBERY,2276.7611084
Oakdale-Beverley Heights,SHOOTING,318.40708541
Oakdale-Beverley Heights,THEFTFROMMV,5235.0610846
Oakdale-Beverley Heights,THEFTOVER,709.23740004
Oakridge,ASSAULT,13611.451233
Oakridge,AUTOTHEFT,1311.64291387
Oakridge,BIKETHEFT,710.43996668
Oakridge,BREAKENTER,3960.4249878
Oakridge,HOMICIDE,15.81517601
Oakridge,ROBBERY,2354.49861153
Oakridge,SHOOTING,363.794673445
Oakridge,THEFTFROMMV,4530.1438294
Oakridge,THEFTOVER,368.034352766
Oakwood Village,ASSAULT,7420.3686219
Oakwood Village,AUTOTHEFT,1758.79220186
Oakwood Village,BIKETHEFT,753.84408483
Oakwood Village,BREAKENTER,1812.63595582
Oakwood Village,HOMICIDE,33.116837502
Oakwood Village,ROBBERY,1451.11086261
Oakwood Village,SHOOTING,320.539385806
Oakwood Village,THEFTFROMMV,2430.1892405
Oakwood Village,THEFTOVER,193.46196175699998
Old East York,ASSAULT,5421.1977844
Old East York,AUTOTHEFT,1240.27231978
Old East York,BIKETHEFT,459.11229303
Old East York,BREAKENTER,1906.56473921
Old East York,HOMICIDE,22.97724342
Old East York,ROBBERY,838.6733970299999
Old East York,SHOOTING,103.41539096
Old East York,THEFTFROMMV,3019.1036736
Old East York,THEFTOVER,287.17505932
Palmerston-Little Italy,ASSAULT,6248.8912963
Palmerston-Little Italy,AUTOTHEFT,1227.41720575
Palmerston-Little Italy,BIKETHEFT,3747.8759415
Palmerston-Little Italy,BREAKENTER,3329.8750915
Palmerston-Little Italy,HOMICIDE,31.26338243
Palmerston-Little Italy,ROBBERY,1357.02159116
Palmerston-Little Italy,SHOOTING,31.472192759
Palmerston-Little Italy,THEFTFROMMV,4469.8019339
Palmerston-Little Italy,THEFTOVER,487.089128504
Parkwoods-O'Connor Hills,ASSAULT,4262.7417602000005
Parkwoods-O'Connor Hills,AUTOTHEFT,1663.83649449
Parkwoods-O'Connor Hills,BIKETHEFT,195.68025684100002
Parkwoods-O'Connor Hills,BREAKENTER,2112.8168412
Parkwoods-O'Connor Hills,HOMICIDE,7.75356245
Parkwoods-O'Connor Hills,ROBBERY,657.622947711
Parkwoods-O'Connor Hills,SHOOTING,93.77253722
Parkwoods-O'Connor Hills,THEFTFROMMV,2782.421583
Parkwoods-O'Connor Hills,THEFTOVER,211.068757064
Pelmo Park-Humberlea,ASSAULT,6616.980377
Pelmo Park-Humberlea,AUTOTHEFT,5746.0353699
Pelmo Park-Humberlea,BIKETHEFT,224.761666253
Pelmo Park-Humberlea,BREAKENTER,2314.2387314
Pelmo Park-Humberlea,HOMICIDE,58.033147815
Pelmo Park-Humberlea,ROBBERY,1309.6372452
Pelmo Park-Humberlea,SHOOTING,253.385041243
Pelmo Park-Humberlea,THEFTFROMMV,3771.2293152
Pelmo Park-Humberlea,THEFTOVER,557.80919075
Playter Estates-Danforth,ASSAULT,9282.4618532
Playter Estates-Danforth,AUTOTHEFT,1358.09840774
Playter Estates-Danforth,BIKETHEFT,2438.461463
Playter Estates-Danforth,BREAKENTER,4433.9644317
Playter Estates-Danforth,HOMICIDE,27.55257416
Playter Estates-Danforth,ROBBERY,1484.33222953
Playter Estates-Danforth,SHOOTING,138.20191288
Playter Estates-Danforth,THEFTFROMMV,4109.8176138
Playter Estates-Danforth,THEFTOVER,359.09265039999997
Pleasant View,ASSAULT,2840.8390961
Pleasant View,AUTOTHEFT,1348.23202881
Pleasant View,BIKETHEFT,252.508918365
Pleasant View,BREAKENTER,1354.31068419
Pleasant View,HOMICIDE,0
Pleasant View,ROBBERY,732.85298156
Pleasant View,SHOOTING,21.290794849
Pleasant View,THEFTFROMMV,2819.54083747
Pleasant View,THEFTOVER,316.90505981
Princess-Rosethorn,ASSAULT,2341.8107911
Princess-Rosethorn,AUTOTHEFT,3255.9530488
Princess-Rosethorn,BIKETHEFT,322.004373511
Princess-Rosethorn,BREAKENTER,2641.96688077
Princess-Rosethorn,HOMICIDE,19.310946465
Princess-Rosethorn,ROBBERY,1080.8563423
Princess-Rosethorn,SHOOTING,93.884141918
Princess-Rosethorn,THEFTFROMMV,4158.5881947
Princess-Rosethorn,THEFTOVER,349.44943427
Regent Park,ASSAULT,12434.9434211
Regent Park,AUTOTHEFT,1017.25925446
Regent Park,BIKETHEFT,2860.8607779
Regent Park,BREAKENTER,3043.6439667
Regent Park,HOMICIDE,103.362157822
Regent Park,ROBBERY,1689.41175841
Regent Park,SHOOTING,533.07926655000006
Regent Park,THEFTFROMMV,4218.1752532
Regent Park,THEFTOVER,453.2079544
Rexdale-Kipling,ASSAULT,6494.1828613
Rexdale-Kipling,AUTOTHEFT,3962.6790163700002
Rexdale-Kipling,BIKETHEFT,123.739418004
Rexdale-Kipling,BREAKENTER,1844.9993668
Rexdale-Kipling,HOMICIDE,51.409765245
Rexdale-Kipling,ROBBERY,1802.86370085
Rexdale-Kipling,SHOOTING,195.469317437
Rexdale-Kipling,THEFTFROMMV,3986.0031801
Rexdale-Kipling,THEFTOVER,267.86013603
Rockcliffe-Smythe,ASSAULT,7548.7178955
Rockcliffe-Smythe,AUTOTHEFT,2696.7305298
Rockcliffe-Smythe,BIKETHEFT,461.975447431
Rockcliffe-Smythe,BREAKENTER,1988.1730957
Rockcliffe-Smythe,HOMICIDE,31.788362024999998
Rockcliffe-Smythe,ROBBERY,1495.4739800300001
Rockcliffe-Smythe,SHOOTING,285.85158728700003
Rockcliffe-Smythe,THEFTFROMMV,3240.3060383
Rockcliffe-Smythe,THEFTOVER,423.61518383
Roncesvalles,ASSAULT,7795.6373291
Roncesvalles,AUTOTHEFT,1242.12293634
Roncesvalles,BIKETHEFT,2956.3601243
Roncesvalles,BREAKENTER,4183.787262
Roncesvalles,HOMICIDE,22.001584056
Roncesvalles,ROBBERY,1608.29410538
Roncesvalles,SHOOTING,162.322381506
Roncesvalles,THEFTFROMMV,3068.2168306
Roncesvalles,THEFTOVER,433.80763149
Rosedale-Moore Park,ASSAULT,7891.8256532
Rosedale-Moore Park,AUTOTHEFT,2686.39004518
Rosedale-Moore Park,BIKETHEFT,3296.8938899
Rosedale-Moore Park,BREAKENTER,4167.4316635
Rosedale-Moore Park,HOMICIDE,16.356686116
Rosedale-Moore Park,ROBBERY,1253.26442715
Rosedale-Moore Park,SHOOTING,33.113581182
Rosedale-Moore Park,THEFTFROMMV,2957.3976572
Rosedale-Moore Park,THEFTOVER,629.01895905
Runnymede-Bloor West Village,ASSAULT,3804.0082702
Runnymede-Bloor West Village,AUTOTHEFT,2280.57227335
Runnymede-Bloor West Village,BIKETHEFT,1295.87451003
Runnymede-Bloor West Village,BREAKENTER,2391.2872314
Runnymede-Bloor West Village,HOMICIDE,10.324008942
Runnymede-Bloor West Village,ROBBERY,1467.469967
Runnymede-Bloor West Village,SHOOTING,20.875653266999997
Runnymede-Bloor West Village,THEFTFROMMV,2415.9154422
Runnymede-Bloor West Village,THEFTOVER,248.323194514
Rustic,ASSAULT,7289.8016359
Rustic,AUTOTHEFT,2219.9205245499998
Rustic,BIKETHEFT,140.031666902
Rustic,BREAKENTER,1520.90411381
Rustic,HOMICIDE,43.011219982
Rustic,ROBBERY,768.28151127
Rustic,SHOOTING,604.452268583
Rustic,THEFTFROMMV,2363.27105444
Rustic,THEFTOVER,214.969904904
Scarborough Village,ASSAULT,10954.6226801
Scarborough Village,AUTOTHEFT,1519.36330027
Scarborough Village,BIKETHEFT,296.39984683
Scarborough Village,BREAKENTER,2412.0213775
Scarborough Village,HOMICIDE,61.866756435999996
Scarborough Village,ROBBERY,1475.53415681
Scarborough Village,SHOOTING,189.765035622
Scarborough Village,THEFTFROMMV,3681.1567589
Scarborough Village,THEFTOVER,283.68907738
South Eglinton-Davisville,ASSAULT,5156.1343993
South Eglinton-Davisville,AUTOTHEFT,613.31789017
South Eglinton-Davisville,BIKETHEFT,2099.51167635
South Eglinton-Davisville,BREAKENTER,2605.3322143
South Eglinton-Davisville,HOMICIDE,23.95040989
South Eglinton-Davisville,ROBBERY,640.69522478
South Eglinton-Davisville,SHOOTING,36.400303841
South Eglinton-Davisville,THEFTFROMMV,1524.86167456
South Eglinton-Davisville,THEFTOVER,238.344493857
South Parkdale,ASSAULT,13753.9757681
South Parkdale,AUTOTHEFT,1227.81235494
South Parkdale,BIKETHEFT,2141.9912734
South Parkdale,BREAKENTER,3671.5949251
South Parkdale,HOMICIDE,16.475996494
South Parkdale,ROBBERY,1533.43341443
South Parkdale,SHOOTING,182.144262788
South Parkdale,THEFTFROMMV,2991.1796857
South Parkdale,THEFTOVER,612.44401172
South Riverdale,ASSAULT,11271.5368044
South Riverdale,AUTOTHEFT,1907.35975645
South Riverdale,BIKETHEFT,4260.2556038
South Riverdale,BREAKENTER,5038.5042115
South Riverdale,HOMICIDE,67.308982364
South Riverdale,ROBBERY,1990.7959899
South Riverdale,SHOOTING,187.270616529
South Riverdale,THEFTFROMMV,6232.4092984
South Riverdale,THEFTOVER,976.34477996
St Lawrence-East Bayfront-The Islands,ASSAULT,13673.267273
St Lawrence-East Bayfront-The Islands,AUTOTHEFT,1012.16045567
St Lawrence-East Bayfront-The Islands,BIKETHEFT,5989.215322399999
St Lawrence-East Bayfront-The Islands,BREAKENTER,4150.3061827
St Lawrence-East Bayfront-The Islands,HOMICIDE,13.593551159
St Lawrence-East Bayfront-The Islands,ROBBERY,1523.37604526
St Lawrence-East Bayfront-The Islands,SHOOTING,127.768167023
St Lawrence-East Bayfront-The Islands,THEFTFROMMV,5055.4035262
St Lawrence-East Bayfront-The Islands,THEFTOVER,993.58056642
St.Andrew-Windfields,ASSAULT,3318.3549347
St.Andrew-Windfields,AUTOTHEFT,2750.02456288
St.Andrew-Windfields,BIKETHEFT,502.386019967
St.Andrew-Windfields,BREAKENTER,4358.6736909
St.Andrew-Windfields,HOMICIDE,25.228796487
St.Andrew-Windfields,ROBBERY,506.573889248
St.Andrew-Windfields,SHOOTING,44.348792551
St.Andrew-Windfields,THEFTFROMMV,2777.471826
St.Andrew-Windfields,THEFTOVER,552.17276193
Steeles,ASSAULT,2110.4034881
Steeles,AUTOTHEFT,1615.57652282
Steeles,BIKETHEFT,73.820082116
Steeles,BREAKENTER,2172.15132913
Steeles,HOMICIDE,0
Steeles,ROBBERY,402.88377381
Steeles,SHOOTING,34.143279076
Steeles,THEFTFROMMV,1452.24638204
Steeles,THEFTOVER,147.311478863
Stonegate-Queensway,ASSAULT,4651.5415345
Stonegate-Queensway,AUTOTHEFT,2867.57389817
Stonegate-Queensway,BIKETHEFT,522.18369469
Stonegate-Queensway,BREAKENTER,2541.9285127
Stonegate-Queensway,HOMICIDE,14.273252725
Stonegate-Queensway,ROBBERY,941.67912103
Stonegate-Queensway,SHOOTING,43.666760922
Stonegate-Queensway,THEFTFROMMV,3617.9160957
Stonegate-Queensway,THEFTOVER,337.5699091
Tam O'Shanter-Sullivan,ASSAULT,5288.4116821
Tam O'Shanter-Sullivan,AUTOTHEFT,1837.93915955
Tam O'Shanter-Sullivan,BIKETHEFT,296.940010783
Tam O'Shanter-Sullivan,BREAKENTER,2356.88811102
Tam O'Shanter-Sullivan,HOMICIDE,26.785473347
Tam O'Shanter-Sullivan,ROBBERY,1105.76319113
Tam O'Shanter-Sullivan,SHOOTING,111.794405693
Tam O'Shanter-Sullivan,THEFTFROMMV,2888.476382
Tam O'Shanter-Sullivan,THEFTOVER,229.57459831
Taylor-Massey,ASSAULT,8159.1418456
Taylor-Massey,AUTOTHEFT,947.83283042
Taylor-Massey,BIKETHEFT,811.38899458
Taylor-Massey,BREAKENTER,2629.20183564
Taylor-Massey,HOMICIDE,35.970314503
Taylor-Massey,ROBBERY,1488.19000999
Taylor-Massey,SHOOTING,129.202641006
Taylor-Massey,THEFTFROMMV,3073.7799469
Taylor-Massey,THEFTOVER,330.30795193
The Beaches,ASSAULT,5388.3097228999995
The Beaches,AUTOTHEFT,1453.22457698
The Beaches,BIKETHEFT,2067.42225695
The Beaches,BREAKENTER,2633.9398194
The Beaches,HOMICIDE,5.329566479
The Beaches,ROBBERY,991.56968115
The Beaches,SHOOTING,10.766931534
The Beaches,THEFTFROMMV,3573.8296409
The Beaches,THEFTOVER,427.82419491
Thistletown-Beaumond Heights,ASSAULT,6178.0519408
Thistletown-Beaumond Heights,AUTOTHEFT,3657.66450499
Thistletown-Beaumond Heights,BIKETHEFT,169.026167869
Thistletown-Beaumond Heights,BREAKENTER,1831.37417609
Thistletown-Beaumond Heights,HOMICIDE,31.514417651000002
Thistletown-Beaumond Heights,ROBBERY,1569.25915516
Thistletown-Beaumond Heights,SHOOTING,178.691113467
Thistletown-Beaumond Heights,THEFTFROMMV,4034.4166218
Thistletown-Beaumond Heights,THEFTOVER,398.70257473
Thorncliffe Park,ASSAULT,5858.5813904
Thorncliffe Park,AUTOTHEFT,1054.42935563
Thorncliffe Park,BIKETHEFT,604.94116756
Thorncliffe Park,BREAKENTER,1853.73242198
Thorncliffe Park,HOMICIDE,62.062356948
Thorncliffe Park,ROBBERY,657.7683868299999
Thorncliffe Park,SHOOTING,192.948793408
Thorncliffe Park,THEFTFROMMV,1712.67361718
Thorncliffe Park,THEFTOVER,368.69047546
Trinity-Bellwoods,ASSAULT,8399.2052612
Trinity-Bellwoods,AUTOTHEFT,1427.13008098
Trinity-Bellwoods,BIKETHEFT,3590.2181415
Trinity-Bellwoods,BREAKENTER,4659.2782593
Trinity-Bellwoods,HOMICIDE,13.626451969
Trinity-Bellwoods,ROBBERY,1426.87364191
Trinity-Bellwoods,SHOOTING,88.316450599
Trinity-Bellwoods,THEFTFROMMV,3743.760447
Trinity-Bellwoods,THEFTOVER,466.14807511
University,ASSAULT,18291.891477999998
University,AUTOTHEFT,1362.71134951
University,BIKETHEFT,15041.0785904
University,BREAKENTER,8876.4718627
University,HOMICIDE,29.75317002
University,ROBBERY,3203.0201036
University,SHOOTING,44.50709058
University,THEFTFROMMV,9166.4217769
University,THEFTOVER,1301.5571442
Victoria Village,ASSAULT,7436.7835693
Victoria Village,AUTOTHEFT,1551.16858285
Victoria Village,BIKETHEFT,149.777084609
Victoria Village,BREAKENTER,2311.811737
Victoria Village,HOMICIDE,26.395823479
Victoria Village,ROBBERY,789.74413682
Victoria Village,SHOOTING,247.442594049
Victoria Village,THEFTFROMMV,2888.3357305
Victoria Village,THEFTOVER,332.37361336
Wellington Place,ASSAULT,26309.204834
Wellington Place,AUTOTHEFT,2170.0278778
Wellington Place,BIKETHEFT,7342.0815455
Wellington Place,BREAKENTER,7273.0423279
Wellington Place,HOMICIDE,55.021684886
Wellington Place,ROBBERY,2444.18669135
Wellington Place,SHOOTING,344.88843537
Wellington Place,THEFTFROMMV,7031.6138153
Wellington Place,THEFTOVER,1256.4742736
West Hill,ASSAULT,17703.579835
West Hill,AUTOTHEFT,1924.99499127
West Hill,BIKETHEFT,678.66563105
West Hill,BREAKENTER,3265.8800661
West Hill,HOMICIDE,44.921942948
West Hill,ROBBERY,2667.3493348
West Hill,SHOOTING,242.182304153
West Hill,THEFTFROMMV,4482.9363214
West Hill,THEFTOVER,387.39950656999997
West Humber-Clairville,ASSAULT,10962.4063111
West Humber-Clairville,AUTOTHEFT,18080.25171
West Humber-Clairville,BIKETHEFT,382.24146344
West Humber-Clairville,BREAKENTER,5318.4941102
West Humber-Clairville,HOMICIDE,49.96855545
West Humber-Clairville,ROBBERY,3122.2380983
West Humber-Clairville,SHOOTING,299.99013997
West Humber-Clairville,THEFTFROMMV,12908.4568696
West Humber-Clairville,THEFTOVER,2176.4288864
West Queen West,ASSAULT,9578.976135500001
West Queen West,AUTOTHEFT,916.75638195
West Queen West,BIKETHEFT,4588.2174566
West Queen West,BREAKENTER,3377.4548798
West Queen West,HOMICIDE,24.186896801
West Queen West,ROBBERY,817.80043408
West Queen West,SHOOTING,73.756118773
West Queen West,THEFTFROMMV,4534.7568811
West Queen West,THEFTOVER,457.84238053
West Rouge,ASSAULT,4050.1218566
West Rouge,AUTOTHEFT,1914.24498743
West Rouge,BIKETHEFT,428.45984717
West Rouge,BREAKENTER,1647.76610568
West Rouge,HOMICIDE,16.552481174
West Rouge,ROBBERY,873.71188548
West Rouge,SHOOTING,111.116319657
West Rouge,THEFTFROMMV,2730.6285083000002
West Rouge,THEFTOVER,207.637982364
Westminster-Branson,ASSAULT,4571.9704589
Westminster-Branson,AUTOTHEFT,2034.9955138999999
Westminster-Branson,BIKETHEFT,466.99517406
Westminster-Branson,BREAKENTER,1722.9627113
Westminster-Branson,HOMICIDE,0
Westminster-Branson,ROBBERY,513.39673615
Westminster-Branson,SHOOTING,32.616605282
Westminster-Branson,THEFTFROMMV,3096.4148572
Westminster-Branson,THEFTOVER,256.33333397
Weston,ASSAULT,12025.912659399999
Weston,AUTOTHEFT,3822.1913299
Weston,BIKETHEFT,518.13129393
Weston,BREAKENTER,2936.5105437
Weston,HOMICIDE,81.140958779
Weston,ROBBERY,2228.550293
Weston,SHOOTING,433.44457053
Weston,THEFTFROMMV,4773.0153275
Weston,THEFTOVER,336.32186509
Weston-Pelham Park,ASSAULT,9069.2266235
Weston-Pelham Park,AUTOTHEFT,1645.38402561
Weston-Pelham Park,BIKETHEFT,624.14050487
Weston-Pelham Park,BREAKENTER,2114.05235291
Weston-Pelham Park,HOMICIDE,47.799770355
Weston-Pelham Park,ROBBERY,1006.6883088
Weston-Pelham Park,SHOOTING,291.46193027100003
Weston-Pelham Park,THEFTFROMMV,2065.8577826
Weston-Pelham Park,THEFTOVER,312.976400375
Wexford/Maryvale,ASSAULT,9335.2598876
Wexford/Maryvale,AUTOTHEFT,4043.2698517
Wexford/Maryvale,BIKETHEFT,500.80594776
Wexford/Maryvale,BREAKENTER,3857.3761749
Wexford/Maryvale,HOMICIDE,40.002574445
Wexford/Maryvale,ROBBERY,1507.60838313
Wexford/Maryvale,SHOOTING,177.57052135
Wexford/Maryvale,THEFTFROMMV,5267.4967622
Wexford/Maryvale,THEFTOVER,670.11810301
Willowdale West,ASSAULT,6157.3148195
Willowdale West,AUTOTHEFT,1685.33205029
Willowdale West,BIKETHEFT,1075.80149
Willowdale West,BREAKENTER,1805.17082995
Willowdale West,HOMICIDE,6.660591125
Willowdale West,ROBBERY,1293.449915003
Willowdale West,SHOOTING,19.902454849
Willowdale West,THEFTFROMMV,2881.90680063
Willowdale West,THEFTOVER,456.77251434000004
Willowridge-Martingrove-Richview,ASSAULT,4738.8430022
Willowridge-Martingrove-Richview,AUTOTHEFT,3201.1371459
Willowridge-Martingrove-Richview,BIKETHEFT,201.145662016
Willowridge-Martingrove-Richview,BREAKENTER,1911.07512659
Willowridge-Martingrove-Richview,HOMICIDE,31.637485027
Willowridge-Martingrove-Richview,ROBBERY,1150.11670677
Willowridge-Martingrove-Richview,SHOOTING,199.889467241
Willowridge-Martingrove-Richview,THEFTFROMMV,3164.5629375999997
Willowridge-Martingrove-Richview,THEFTOVER,195.5343733
Woburn North,ASSAULT,8021.3826905000005
Woburn North,AUTOTHEFT,2135.60789497
Woburn North,BIKETHEFT,237.026858557
Woburn North,BREAKENTER,2194.21156323
Woburn North,HOMICIDE,26.665081264
Woburn North,ROBBERY,1360.6218489999999
Woburn North,SHOOTING,161.293188577
Woburn North,THEFTFROMMV,3477.5957788
Woburn North,THEFTOVER,422.81894875
Woodbine Corridor,ASSAULT,7708.6897584
Woodbine Corridor,AUTOTHEFT,1096.4855079
Woodbine Corridor,BIKETHEFT,1609.79132563
Woodbine Corridor,BREAKENTER,2693.1809234
Woodbine Corridor,HOMICIDE,52.372938156000004
Woodbine Corridor,ROBBERY,1087.5093650000001
Woodbine Corridor,SHOOTING,60.782927508
Woodbine Corridor,THEFTFROMMV,3830.0509284
Woodbine Corridor,THEFTOVER,329.38406087
Woodbine-Lumsden,ASSAULT,4972.6455688999995
Woodbine-Lumsden,AUTOTHEFT,954.89402862
Woodbine-Lumsden,BIKETHEFT,622.29153511
Woodbine-Lumsden,BREAKENTER,1897.1896361899999
Woodbine-Lumsden,HOMICIDE,53.0366354
Woodbine-Lumsden,ROBBERY,570.0174427
Woodbine-Lumsden,SHOOTING,39.80638599
Woodbine-Lumsden,THEFTFROMMV,4029.1547401
Woodbine-Lumsden,THEFTOVER,331.47878932
Wychwood,ASSAULT,5854.7985229
Wychwood,AUTOTHEFT,1441.39756769
Wychwood,BIKETHEFT,1643.55138936
Wychwood,BREAKENTER,2854.0918121
Wychwood,HOMICIDE,15.970988274
Wychwood,ROBBERY,1157.29134371
Wychwood,SHOOTING,103.323287966
Wychwood,THEFTFROMMV,2175.36620254
Wychwood,THEFTOVER,226.70570613
Yonge-Bay Corridor,ASSAULT,44360.567384
Yonge-Bay Corridor,AUTOTHEFT,2073.6133958
Yonge-Bay Corridor,BIKETHEFT,18611.000358
Yonge-Bay Corridor,BREAKENTER,9585.2103885
Yonge-Bay Corridor,HOMICIDE,81.292626854
Yonge-Bay Corridor,ROBBERY,5979.2206725
Yonge-Bay Corridor,SHOOTING,179.79461099099998
Yonge-Bay Corridor,THEFTFROMMV,9506.2713964
Yonge-Bay Corridor,THEFTOVER,3539.9114378
Yonge-Doris,ASSAULT,4361.8674315
Yonge-Doris,AUTOTHEFT,1220.2986908
Yonge-Doris,BIKETHEFT,893.21998855
Yonge-Doris,BREAKENTER,794.15021514
Yonge-Doris,HOMICIDE,5.304037094
Yonge-Doris,ROBBERY,896.88685415
Yonge-Doris,SHOOTING,0
Yonge-Doris,THEFTFROMMV,2952.25628765
Yonge-Doris,THEFTOVER,504.43302726
Yonge-Eglinton,ASSAULT,6800.6093751
Yonge-Eglinton,AUTOTHEFT,1400.86834916
Yonge-Eglinton,BIKETHEFT,1631.38952845
Yonge-Eglinton,BREAKENTER,2644.1580659
Yonge-Eglinton,HOMICIDE,26.487275123
Yonge-Eglinton,ROBBERY,1050.89978597
Yonge-Eglinton,SHOOTING,33.687314986
Yonge-Eglinton,THEFTFROMMV,2194.97792561
Yonge-Eglinton,THEFTOVER,523.22367568
Yonge-St.Clair,ASSAULT,2680.5976029
Yonge-St.Clair,AUTOTHEFT,986.0423689
Yonge-St.Clair,BIKETHEFT,1379.30747612
Yonge-St.Clair,BREAKENTER,2202.07376092
Yonge-St.Clair,HOMICIDE,0
Yonge-St.Clair,ROBBERY,281.433625208
Yonge-St.Clair,SHOOTING,8.813110351999999
Yonge-St.Clair,THEFTFROMMV,1334.99224438
Yonge-St.Clair,THEFTOVER,284.429166804
York University Heights,ASSAULT,15113.9072261
York University Heights,AUTOTHEFT,6610.4826355
York University Heights,BIKETHEFT,1153.05512959
York University Heights,BREAKENTER,5513.8247681
York University Heights,HOMICIDE,66.183336732
York University Heights,ROBBERY,3117.200882
York University Heights,SHOOTING,339.114729641
York University Heights,THEFTFROMMV,7698.3911314
York University Heights,THEFTOVER,1736.7802582
Yorkdale-Glen Park,ASSAULT,12317.6693737
Yorkdale-Glen Park,AUTOTHEFT,6604.8374333
Yorkdale-Glen Park,BIKETHEFT,1313.84609379
Yorkdale-Glen Park,BREAKENTER,5385.4013978
Yorkdale-Glen Park,HOMICIDE,75.036658768
Yorkdale-Glen Park,ROBBERY,2594.4326017
Yorkdale-Glen Park,SHOOTING,521.548406582
Yorkdale-Glen Park,THEFTFROMMV,7282.7463475
Yorkdale-Glen Park,THEFTOVER,1909.6461487000001
